name,phone,email,postalZip
Zenia Hicks,(709) 463-1844,felis.eget@google.edu,0844
Althea Leach,1-381-222-8767,eleifend@hotmail.couk,6057
Leandra Hurley,(344) 890-0448,nam.porttitor@yahoo.couk,24609
Abel Smith,1-222-180-4255,vulputate.lacus.cras@outlook.com,383853
Nora Morrow,1-115-282-5640,et.ultrices@icloud.couk,73154
Fredericka Douglas,1-247-583-8771,mollis.integer.tincidunt@protonmail.com,15846
Teegan Dorsey,(821) 218-3288,risus.odio.auctor@hotmail.ca,673450
Eugenia Figueroa,(763) 364-1928,natoque.penatibus@protonmail.ca,3881
Stone Wilkerson,1-248-254-2565,tortor@google.com,645316
Davis Hubbard,1-988-614-4316,commodo.at@aol.net,35414640
Alice Hubbard,(246) 454-6851,nam.tempor@yahoo.org,683534
Craig Espinoza,1-912-721-8564,vitae@icloud.edu,52163
Gregory Holman,1-288-837-7623,tristique.pellentesque@icloud.org,43821
Aphrodite Malone,1-455-801-6378,malesuada.fringilla@hotmail.net,23686
Darrel Knox,(689) 761-6418,velit.eget.laoreet@icloud.ca,K6 4UY
Wallace Dyer,1-476-763-8529,accumsan.neque.et@yahoo.edu,27110-19753
Barrett Ramos,1-282-618-3659,neque.sed@outlook.edu,83141
Elizabeth Hayes,1-724-274-2625,mus.donec@outlook.ca,639273
Armando Paul,1-853-823-9516,magna@google.couk,5846
Orlando Chen,(719) 483-1858,metus.in@google.com,68087
Xaviera Wood,1-266-886-1522,cursus.purus.nullam@hotmail.org,598558
Anastasia Mcintyre,1-457-588-6330,sed.auctor.odio@protonmail.com,74-502
Kameko Gillespie,1-330-881-7416,morbi.sit.amet@icloud.com,34741
Ferdinand Kaufman,1-388-745-9347,magnis.dis@hotmail.couk,58-454
Aline Lindsey,1-694-551-4287,aliquam.eros@yahoo.net,656735
Merrill Leach,(223) 285-3645,ornare@outlook.net,33-68
Dawn Oliver,(447) 421-0317,diam.proin.dolor@outlook.com,312459
Jerry Weber,1-593-504-2442,mollis.nec.cursus@yahoo.net,46871
Philip Lamb,(586) 458-3165,amet@protonmail.net,37726
Fiona Dunn,1-467-853-8635,dignissim@google.org,84626
Simon Gutierrez,(147) 367-7892,in@yahoo.net,31460
Gisela Rojas,1-461-468-8224,volutpat.nulla.facilisis@icloud.org,823767
Donna Mathews,(445) 921-3333,euismod@google.org,76454
Evangeline Wyatt,(617) 846-2235,habitant.morbi@icloud.ca,18627
Karina Phelps,(628) 493-8223,fusce@outlook.ca,2591
Anne Medina,1-378-614-3364,malesuada.fringilla@outlook.ca,4775
Jeanette Goff,1-884-792-2773,libero.dui@icloud.couk,241216
Calista Turner,1-899-331-1684,vestibulum@protonmail.edu,25137
Mikayla Kemp,(431) 173-5396,tincidunt.nibh@hotmail.net,347283
Karleigh Figueroa,1-151-481-8754,ultrices.mauris@google.ca,30503
Dorian Walter,(636) 935-6255,ante.maecenas@icloud.org,88288-27536
Ifeoma Hodges,(569) 742-5122,duis@outlook.net,85429
Freya Chen,1-667-735-5967,ac.sem@google.ca,4852
Jamal Macdonald,(732) 826-8887,sed@protonmail.com,07211
Chaney Hunt,1-732-736-8633,lorem.lorem.luctus@protonmail.ca,581313
Abra Vargas,(149) 345-6583,tempor.erat@outlook.com,20896
Robin Huff,(764) 313-1976,pretium.neque@yahoo.com,854035
Ethan Murray,(280) 526-8388,quam.vel@outlook.edu,237810
Nolan Blankenship,1-494-978-5811,urna.nullam.lobortis@icloud.org,XY2 1FV
Ulysses Johnston,1-133-445-5046,tortor.nibh.sit@outlook.com,16268
Kiona Horne,(348) 540-3575,amet@icloud.couk,8802 BN
Cecilia Armstrong,(945) 226-6233,diam.pellentesque@hotmail.ca,20407
Sara Snyder,(824) 446-1172,sit@hotmail.couk,40118
Octavius Cox,(740) 848-3218,consectetuer.euismod.est@aol.couk,3826
Keith Simon,1-906-531-4652,vehicula@outlook.com,82434
Felicia Spears,1-653-455-1638,iaculis@aol.com,6338
Haviva Hooper,1-773-685-6158,turpis.in.condimentum@yahoo.couk,152711
Nyssa Hogan,(601) 349-2957,tempus@aol.couk,734326
Serina Wade,1-560-375-2125,aenean@outlook.couk,I6Y 7X5
Thomas Sherman,1-223-896-9808,commodo.hendrerit.donec@aol.ca,33765-66142
Stewart Ford,1-877-264-8295,donec@protonmail.net,8775
Fuller Chaney,(873) 724-6627,et.arcu.imperdiet@protonmail.org,5238
Lee Hernandez,(887) 143-0405,et@google.edu,54-801
Jessamine Saunders,1-837-210-6226,mauris.eu@outlook.edu,632604
Madeson Adkins,(621) 910-8343,non@google.org,12715
Hayes Ruiz,1-542-571-2881,cras@outlook.ca,74177
Cheryl Blake,(159) 373-9857,arcu.vestibulum@outlook.ca,6066
Salvador Bell,(568) 864-2466,risus@google.couk,546728
Eleanor Chase,(711) 301-5381,tellus.non.magna@google.com,403663
Sonia Swanson,(383) 385-3627,non.justo@icloud.couk,76546
Emery Pratt,(676) 706-2438,aliquam.erat@hotmail.edu,729264
Colt Bean,(874) 710-8142,erat.nonummy@outlook.org,43307
Jermaine Richard,1-542-202-1262,sodales@aol.org,192532
James Herrera,1-731-649-1438,erat.semper@hotmail.ca,49-34
Austin Cooper,1-578-486-0329,sapien@aol.com,5414
Luke Mckinney,1-912-740-0225,scelerisque.sed@aol.edu,375458
Samantha Orr,(504) 851-5051,gravida@protonmail.net,55465
Clare Prince,(193) 444-2627,risus.donec@outlook.org,65842-107
Forrest Rhodes,1-248-338-8875,eget@icloud.couk,50715
Shaine Gibson,1-345-225-3333,nec.malesuada@protonmail.net,856879
Eagan Ryan,(676) 798-2875,malesuada.malesuada.integer@outlook.net,15710
Hilel Slater,(754) 797-4188,tortor.dictum.eu@hotmail.edu,14284
Amos Shepherd,(788) 860-1188,vitae.posuere.at@hotmail.com,2559
Nadine Clay,(728) 825-1687,neque.pellentesque@aol.com,441215
Lucian Grimes,(546) 836-2575,sodales@protonmail.couk,53641
Mona Calhoun,1-337-860-3466,et@protonmail.edu,5234 BZ
Davis Garner,(491) 831-3654,eu.euismod.ac@google.com,7314
Demetrius French,(826) 896-7649,dictum.cursus@outlook.org,64-95
Thane West,(823) 582-4549,cubilia.curae@icloud.org,2014
Violet Hinton,1-356-925-2828,tellus.faucibus@google.ca,154108
Cedric Sweeney,1-542-554-4343,mollis.phasellus@aol.ca,2832
Lillith Spears,1-702-660-8554,elit@outlook.ca,938204
Dale Norton,1-532-348-0319,augue@protonmail.ca,45132
Aphrodite Dawson,(324) 181-8438,etiam.ligula@outlook.edu,622209
Neil Barry,1-522-755-8179,leo.morbi@protonmail.couk,7451
Robin Mccray,(836) 688-6449,dignissim.lacus@aol.org,213853
Isaac Ramos,(247) 378-1860,adipiscing.lacus@outlook.net,84727
Frances Head,(233) 818-4831,aliquam@hotmail.edu,565569
Dolan Heath,(819) 604-7694,vestibulum.lorem.sit@yahoo.com,z1Z 4G2
Igor Fuentes,(397) 423-9844,dolor.sit@google.org,6776 IN
